path,verdict,tier,detection_path,ml_score,rule_risk,rule_score,rules_triggered,dynamic_hits
sample_shell/about.jsp,WEBSHELL,CONFIRMED,file_based,0.9831,LOW,0,,
sample_shell/accountEdit.jsp,WEBSHELL,CONFIRMED,src_rules,,HIGH,17,src:defineClass; src:unsafe_api; src:base64_codec; src:reflection_bypass; src:reflect_exec; src:embedded_class,
sample_shell/accountInfo.jsp,BENIGN,BENIGN,file_based,0.868,LOW,0,,
sample_shell/addBookingEdit.jsp,BENIGN,BENIGN,src_no_match,,LOW,,,
sample_shell/addClientDetail.jsp,BENIGN,BENIGN,ml_benign,0.0016,LOW,0,,
sample_shell/addLeave.jsp,BENIGN,BENIGN,ml_benign,0.0011,LOW,0,,
sample_shell/addMessage.jsp,WEBSHELL,CONFIRMED,file_based,0.9835,LOW,0,,
sample_shell/addPurchaseForm.jsp,WEBSHELL,MEDIUM,file_based,0.4785,MEDIUM,4,api:defineClass; api:reflection_bypass,
sample_shell/addSchedule.jsp,BENIGN,BENIGN,file_based,0.8676,LOW,0,,
sample_shell/addTicketView.jsp,WEBSHELL,HIGH,src_rules,,HIGH,7,src:runtime_exec; src:base64_codec; src:file_write,
sample_shell/addUserList.jsp,BENIGN,BENIGN,ml_benign,0.0024,LOW,0,,
sample_shell/appointmentPage.jsp,BENIGN,BENIGN,ml_benign,0.0024,LOW,0,,
sample_shell/appointmentProjectForm.jsp,WEBSHELL,CONFIRMED,src_rules,,HIGH,12,src:runtime_exec; src:defineClass; src:reflection_bypass; src:jdbc_driver; src:file_write,
sample_shell/appointmentView.jsp,WEBSHELL,CONFIRMED,file_based,0.9546,MEDIUM,3,api:runtime_exec,
sample_shell/approvePaymentView.jsp,WEBSHELL,CONFIRMED,src_rules,,HIGH,8,src:runtime_exec; src:jdbc_driver; src:file_write,
sample_shell/approveSettingPage.jsp,BENIGN,BENIGN,ml_benign,0.0024,LOW,0,,
sample_shell/approveTimesheetSummary.jsp,WEBSHELL,CONFIRMED,src_rules,,HIGH,8,src:runtime_exec; src:jdbc_driver; src:file_write,
sample_shell/asset.jsp,BENIGN,BENIGN,ml_benign,0.0024,LOW,0,,
sample_shell/assetQuoteForm.jsp,WEBSHELL,CONFIRMED,src_rules,,HIGH,8,src:runtime_exec; src:jdbc_driver; src:file_write,
sample_shell/assetResult.jsp,BENIGN,BENIGN,ml_benign,0.0024,LOW,0,,
sample_shell/attendance.jsp,BENIGN,BENIGN,ml_benign,0.001,LOW,0,,
sample_shell/auditForm.jsp,BENIGN,BENIGN,ml_benign,0.0195,LOW,0,,
sample_shell/auditReceipt.jsp,WEBSHELL,CONFIRMED,file_based,0.9482,LOW,0,,
sample_shell/bookingMgr.jsp,BENIGN,BENIGN,ml_benign,0.0011,LOW,0,,
sample_shell/bookingView.jsp,WEBSHELL,MEDIUM,src_rules,,MEDIUM,5,src:runtime_exec; src:file_write,
sample_shell/brand.jsp,BENIGN,BENIGN,ml_benign,0.0016,LOW,0,,
sample_shell/brandEdit.jsp,WEBSHELL,CONFIRMED,file_based,0.9236,MEDIUM,3,api:runtime_exec,
sample_shell/budget.jsp,WEBSHELL,CONFIRMED,file_based,0.9878,MEDIUM,3,api:runtime_exec,
sample_shell/budgetSummary.jsp,WEBSHELL,CONFIRMED,file_based,0.9875,LOW,0,,
sample_shell/cancelDeliveryPanel.jsp,WEBSHELL,CONFIRMED,file_based,0.9749,MEDIUM,3,api:runtime_exec,
sample_shell/cancelDepartment.jsp,WEBSHELL,CONFIRMED,src_rules,,HIGH,8,src:runtime_exec; src:jdbc_driver; src:file_write,
sample_shell/cancelProfileMgr.jsp,BENIGN,BENIGN,ml_benign,0.0024,LOW,0,,
sample_shell/cancelShippingResult.jsp,WEBSHELL,CONFIRMED,file_based,0.9539,MEDIUM,3,api:runtime_exec,
sample_shell/categoryClientSummary.jsp,WEBSHELL,CONFIRMED,file_based,0.9726,MEDIUM,3,api:runtime_exec,
sample_shell/client.jsp,BENIGN,BENIGN,ml_benign,0.0024,LOW,0,,
sample_shell/clientList.jsp,WEBSHELL,CONFIRMED,file_based,0.9885,LOW,0,,
sample_shell/clientSummary.jsp,BENIGN,BENIGN,file_based,0.8266,LOW,0,,
sample_shell/confirmAccountPanel.jsp,WEBSHELL,CONFIRMED,src_rules,,HIGH,8,src:runtime_exec; src:jdbc_driver; src:file_write,
sample_shell/confirmCategoryDetail.jsp,BENIGN,BENIGN,ml_benign,0.0024,LOW,0,,
sample_shell/confirmCoupon.jsp,WEBSHELL,CONFIRMED,file_based,0.978,MEDIUM,3,api:runtime_exec,
sample_shell/confirmDocumentForm.jsp,WEBSHELL,CONFIRMED,file_based,0.9495,LOW,0,,
sample_shell/confirmInvoicePage.jsp,WEBSHELL,CONFIRMED,src_rules,,HIGH,8,src:runtime_exec; src:jdbc_driver; src:file_write,
sample_shell/confirmMessageForm.jsp,BENIGN,BENIGN,ml_benign,0.0024,LOW,0,,
sample_shell/confirmOrderMgr.jsp,WEBSHELL,CONFIRMED,file_based,0.9857,LOW,0,,
sample_shell/confirmProjectEdit.jsp,WEBSHELL,CONFIRMED,file_based,0.9567,MEDIUM,3,api:runtime_exec,
sample_shell/contractInfo.jsp,WEBSHELL,CONFIRMED,src_rules,,HIGH,8,src:runtime_exec; src:jdbc_driver; src:file_write,
sample_shell/coupon.jsp,BENIGN,BENIGN,ml_benign,0.0047,LOW,0,,
sample_shell/couponInventory.jsp,WEBSHELL,CONFIRMED,file_based,0.9007,LOW,0,,
sample_shell/couponList.jsp,WEBSHELL,MEDIUM,src_rules,,MEDIUM,5,src:defineClass; src:base64_codec,
sample_shell/couponSettingInfo.jsp,WEBSHELL,CONFIRMED,file_based,0.9763,MEDIUM,3,api:runtime_exec,
sample_shell/couponSummary.jsp,BENIGN,BENIGN,no_scriptlets,,LOW,,,
sample_shell/createEmployeeResult.jsp,WEBSHELL,CONFIRMED,src_rules,,HIGH,8,src:runtime_exec; src:jdbc_driver; src:file_write,
sample_shell/createEmployeeView.jsp,WEBSHELL,CONFIRMED,src_rules,,HIGH,12,src:runtime_exec; src:defineClass; src:reflection_bypass; src:jdbc_driver; src:file_write,
sample_shell/createOrderList.jsp,WEBSHELL,MEDIUM,src_rules,,MEDIUM,2,src:base64_codec,
sample_shell/customer.jsp,WEBSHELL,CONFIRMED,src_rules,,HIGH,8,src:runtime_exec; src:jdbc_driver; src:file_write,
sample_shell/dashboard.jsp,WEBSHELL,CONFIRMED,file_based,0.9754,MEDIUM,3,api:runtime_exec,
sample_shell/dashboardDetail.jsp,WEBSHELL,CONFIRMED,file_based,0.9612,MEDIUM,3,api:runtime_exec,
sample_shell/dashboardEdit.jsp,WEBSHELL,CONFIRMED,file_based,0.9756,MEDIUM,3,api:runtime_exec,
sample_shell/dashboardEmployeePage.jsp,BENIGN,BENIGN,ml_benign,0.0024,LOW,0,,
sample_shell/dashboardInventoryMgr.jsp,WEBSHELL,CONFIRMED,src_rules,,HIGH,8,src:runtime_exec; src:jdbc_driver; src:file_write,
sample_shell/deleteAppointmentDetail.jsp,WEBSHELL,CONFIRMED,src_rules,,HIGH,8,src:runtime_exec; src:jdbc_driver; src:file_write,
sample_shell/deleteInvoiceList.jsp,BENIGN,BENIGN,ml_benign,0.0024,LOW,0,,
sample_shell/deleteProfile.jsp,WEBSHELL,CONFIRMED,file_based,0.97,MEDIUM,3,api:runtime_exec,
sample_shell/deletePurchaseSummary.jsp,WEBSHELL,MEDIUM,src_rules,,MEDIUM,5,src:defineClass; src:base64_codec,
sample_shell/deleteTransactionSummary.jsp,WEBSHELL,CONFIRMED,file_based,0.9672,MEDIUM,3,api:runtime_exec,
sample_shell/deleteVendorInfo.jsp,WEBSHELL,CONFIRMED,file_based,0.9393,LOW,0,,
sample_shell/delivery.jsp,WEBSHELL,CONFIRMED,file_based,0.9754,MEDIUM,3,api:runtime_exec,
sample_shell/deliveryAssetMgr.jsp,BENIGN,BENIGN,file_based,0.3194,LOW,0,,
sample_shell/deliveryEdit.jsp,BENIGN,BENIGN,ml_benign,0.0024,LOW,0,,
sample_shell/deliverySummary.jsp,BENIGN,BENIGN,file_based,0.8684,LOW,0,,
sample_shell/departmentDetail.jsp,BENIGN,BENIGN,file_based,0.8706,LOW,0,,
sample_shell/detailAudit.jsp,BENIGN,BENIGN,ml_benign,0.0007,LOW,0,,
sample_shell/detailBrandList.jsp,WEBSHELL,CONFIRMED,src_rules,,HIGH,8,src:runtime_exec; src:jdbc_driver; src:file_write,
sample_shell/detailSalaryForm.jsp,BENIGN,BENIGN,ml_benign,0.1311,LOW,0,,
sample_shell/discountDocumentInfo.jsp,WEBSHELL,CONFIRMED,src_rules,,HIGH,8,src:runtime_exec; src:jdbc_driver; src:file_write,
sample_shell/discountList.jsp,BENIGN,BENIGN,ml_benign,0.0024,LOW,0,,
sample_shell/discountSalary.jsp,BENIGN,BENIGN,file_based,0.4784,LOW,0,,
sample_shell/document.jsp,WEBSHELL,CONFIRMED,src_rules,,HIGH,8,src:runtime_exec; src:jdbc_driver; src:file_write,
sample_shell/documentEdit.jsp,WEBSHELL,CONFIRMED,src_rules,,HIGH,8,src:runtime_exec; src:jdbc_driver; src:file_write,
sample_shell/documentList.jsp,WEBSHELL,CONFIRMED,file_based,0.9555,MEDIUM,3,api:runtime_exec,
sample_shell/documentMessageMgr.jsp,WEBSHELL,CONFIRMED,file_based,0.9612,MEDIUM,3,api:runtime_exec,
sample_shell/documentProfileEdit.jsp,BENIGN,BENIGN,ml_benign,0.0016,LOW,0,,
sample_shell/downloadRole.jsp,WEBSHELL,CONFIRMED,src_rules,,HIGH,8,src:runtime_exec; src:jdbc_driver; src:file_write,
sample_shell/downloadSalaryView.jsp,WEBSHELL,CONFIRMED,file_based,0.9272,MEDIUM,3,api:processbuilder,
sample_shell/downloadTimesheetPage.jsp,BENIGN,BENIGN,ml_benign,0.0018,LOW,0,,
sample_shell/editDepartmentView.jsp,WEBSHELL,CONFIRMED,src_rules,,HIGH,8,src:runtime_exec; src:jdbc_driver; src:file_write,
sample_shell/editPurchase.jsp,WEBSHELL,CONFIRMED,file_based,0.949,MEDIUM,3,api:runtime_exec,
sample_shell/editShipping.jsp,WEBSHELL,HIGH,src_rules,,HIGH,7,src:runtime_exec; src:base64_codec; src:file_write,
sample_shell/employeeList.jsp,WEBSHELL,CONFIRMED,src_rules,,HIGH,12,src:runtime_exec; src:defineClass; src:reflection_bypass; src:jdbc_driver; src:file_write,
sample_shell/employeeMgr.jsp,WEBSHELL,CONFIRMED,src_rules,,HIGH,8,src:runtime_exec; src:jdbc_driver; src:file_write,
sample_shell/employeeReportForm.jsp,BENIGN,BENIGN,ml_benign,0.0016,LOW,0,,
sample_shell/employeeTicketView.jsp,WEBSHELL,CONFIRMED,src_rules,,HIGH,8,src:runtime_exec; src:jdbc_driver; src:file_write,
sample_shell/employeeTransactionMgr.jsp,WEBSHELL,CONFIRMED,file_based,0.9869,LOW,0,,
sample_shell/error.jsp,BENIGN,BENIGN,ml_benign,0.0024,LOW,0,,
sample_shell/expenseDetail.jsp,BENIGN,BENIGN,ml_benign,0.0024,LOW,0,,
sample_shell/expenseOrderDetail.jsp,BENIGN,BENIGN,ml_benign,0.0013,LOW,0,,
sample_shell/exportClientDetail.jsp,BENIGN,BENIGN,ml_benign,0.0019,LOW,0,,
sample_shell/exportInvoiceMgr.jsp,WEBSHELL,CONFIRMED,file_based,0.9768,MEDIUM,3,api:runtime_exec,
sample_shell/exportShippingMgr.jsp,BENIGN,BENIGN,ml_benign,0.0024,LOW,0,,
sample_shell/footer.jsp,BENIGN,BENIGN,ml_benign,0.0024,LOW,0,,
sample_shell/generateClientSummary.jsp,WEBSHELL,HIGH,src_rules,,HIGH,7,src:runtime_exec; src:base64_codec; src:file_write,
sample_shell/generateContract.jsp,WEBSHELL,CONFIRMED,file_based,0.9481,MEDIUM,4,tool:X-CMD,
sample_shell/generateEmployee.jsp,WEBSHELL,CONFIRMED,src_rules,,HIGH,8,src:runtime_exec; src:jdbc_driver; src:file_write,
sample_shell/generateExpenseEdit.jsp,WEBSHELL,CONFIRMED,file_based,0.9854,MEDIUM,3,api:runtime_exec,
sample_shell/generateMessageResult.jsp,WEBSHELL,CONFIRMED,src_rules,,HIGH,8,src:runtime_exec; src:jdbc_driver; src:file_write,
sample_shell/generateRefundSummary.jsp,WEBSHELL,CONFIRMED,file_based,0.9745,MEDIUM,3,api:runtime_exec,
sample_shell/generateTicketSummary.jsp,BENIGN,BENIGN,ml_benign,0.0024,LOW,0,,
sample_shell/header.jsp,WEBSHELL,CONFIRMED,src_rules,,HIGH,12,src:runtime_exec; src:defineClass; src:reflection_bypass; src:jdbc_driver; src:file_write,
sample_shell/help.jsp,BENIGN,BENIGN,src_no_match,,LOW,,,
sample_shell/home.jsp,WEBSHELL,CONFIRMED,src_rules,,HIGH,8,src:runtime_exec; src:jdbc_driver; src:file_write,
sample_shell/importExpenseView.jsp,WEBSHELL,CONFIRMED,file_based,0.9469,MEDIUM,3,api:runtime_exec,
sample_shell/importPermissionList.jsp,WEBSHELL,CONFIRMED,src_rules,,HIGH,8,src:runtime_exec; src:jdbc_driver; src:file_write,
sample_shell/importShipping.jsp,WEBSHELL,CONFIRMED,file_based,0.9241,MEDIUM,3,api:runtime_exec,
sample_shell/index.jsp,BENIGN,BENIGN,file_based,0.8691,LOW,0,,
sample_shell/inventoryMessage.jsp,BENIGN,BENIGN,ml_benign,0.0066,LOW,0,,
sample_shell/inventoryPage.jsp,BENIGN,BENIGN,ml_benign,0.0024,LOW,0,,
sample_shell/inventoryStatementMgr.jsp,BENIGN,BENIGN,ml_benign,0.0007,LOW,0,,
sample_shell/invoice.jsp,WEBSHELL,CONFIRMED,src_rules,,HIGH,12,src:runtime_exec; src:defineClass; src:reflection_bypass; src:jdbc_driver; src:file_write,
sample_shell/leave.jsp,BENIGN,BENIGN,ml_benign,0.0024,LOW,0,,
sample_shell/leaveEdit.jsp,BENIGN,BENIGN,ml_benign,0.0022,LOW,0,,
sample_shell/leaveForm.jsp,WEBSHELL,CONFIRMED,src_rules,,HIGH,8,src:runtime_exec; src:jdbc_driver; src:file_write,
sample_shell/leaveInventory.jsp,WEBSHELL,MEDIUM,src_rules,,MEDIUM,5,src:jdbc_driver; src:file_write,
sample_shell/leaveMgr.jsp,BENIGN,BENIGN,file_based,0.8535,LOW,0,,
sample_shell/leaveView.jsp,WEBSHELL,CONFIRMED,file_based,0.9555,MEDIUM,3,api:runtime_exec,
sample_shell/listAssetDetail.jsp,WEBSHELL,CONFIRMED,file_based,0.9514,MEDIUM,3,api:runtime_exec,
sample_shell/listAttendanceView.jsp,BENIGN,BENIGN,ml_benign,0.0024,LOW,0,,
sample_shell/listBalance.jsp,WEBSHELL,CONFIRMED,src_rules,,HIGH,8,src:runtime_exec; src:jdbc_driver; src:file_write,
sample_shell/listDelivery.jsp,WEBSHELL,CONFIRMED,file_based,0.9723,LOW,0,,
sample_shell/listDiscountInfo.jsp,BENIGN,BENIGN,ml_benign,0.0088,LOW,0,,
sample_shell/listEmployeeEdit.jsp,WEBSHELL,CONFIRMED,file_based,0.9692,LOW,0,,
sample_shell/listSalaryInfo.jsp,BENIGN,BENIGN,ml_benign,0.0007,LOW,0,,
sample_shell/listSupplierPage.jsp,BENIGN,BENIGN,ml_benign,0.0023,LOW,0,,
sample_shell/loadAssetResult.jsp,WEBSHELL,CONFIRMED,file_based,0.988,LOW,0,,
sample_shell/loadCategoryForm.jsp,BENIGN,BENIGN,ml_benign,0.0024,LOW,0,,
sample_shell/loadClientMgr.jsp,BENIGN,BENIGN,ml_benign,0.0024,LOW,0,,
sample_shell/loadDelivery.jsp,BENIGN,BENIGN,file_based,0.8691,LOW,0,,
sample_shell/loadQuote.jsp,BENIGN,BENIGN,file_based,0.6843,LOW,0,,
sample_shell/loadWarehouseDetail.jsp,BENIGN,BENIGN,ml_benign,0.0013,LOW,0,,
sample_shell/login.jsp,BENIGN,BENIGN,ml_benign,0.0024,LOW,0,,
sample_shell/logout.jsp,BENIGN,BENIGN,file_based,0.863,LOW,0,,
sample_shell/manageDashboard.jsp,WEBSHELL,CONFIRMED,file_based,0.9885,LOW,0,,
sample_shell/manageExpense.jsp,WEBSHELL,CONFIRMED,src_rules,,HIGH,12,src:runtime_exec; src:defineClass; src:reflection_bypass; src:jdbc_driver; src:file_write,
sample_shell/manageMessage.jsp,WEBSHELL,CONFIRMED,src_rules,,HIGH,8,src:runtime_exec; src:jdbc_driver; src:file_write,
sample_shell/manageTicketInfo.jsp,BENIGN,BENIGN,ml_benign,0.0024,LOW,0,,
sample_shell/menu.jsp,WEBSHELL,CONFIRMED,src_rules,,HIGH,8,src:runtime_exec; src:jdbc_driver; src:file_write,
sample_shell/message.jsp,WEBSHELL,CONFIRMED,src_rules,,HIGH,8,src:runtime_exec; src:jdbc_driver; src:file_write,
sample_shell/messageAppointmentEdit.jsp,WEBSHELL,CONFIRMED,src_rules,,HIGH,8,src:runtime_exec; src:jdbc_driver; src:file_write,
sample_shell/messageContractView.jsp,WEBSHELL,CONFIRMED,"dynamic:processbuilder,runtime_exec",0.4062,LOW,0,,file_write; processbuilder; runtime_exec
sample_shell/messageForm.jsp,BENIGN,BENIGN,ml_benign,0.0024,LOW,0,,
sample_shell/messagePage.jsp,WEBSHELL,CONFIRMED,file_based,0.986,MEDIUM,3,api:runtime_exec,
sample_shell/messageResult.jsp,BENIGN,BENIGN,ml_benign,0.0024,LOW,0,,
sample_shell/notificationInfo.jsp,WEBSHELL,CONFIRMED,src_rules,,HIGH,8,src:runtime_exec; src:jdbc_driver; src:file_write,
sample_shell/notificationPage.jsp,WEBSHELL,CONFIRMED,file_based,0.9885,LOW,0,,
sample_shell/notificationView.jsp,BENIGN,BENIGN,ml_benign,0.0024,LOW,0,,
sample_shell/orderAppointmentInfo.jsp,BENIGN,BENIGN,ml_benign,0.005,LOW,0,,
sample_shell/paymentMessageList.jsp,WEBSHELL,CONFIRMED,src_rules,,HIGH,8,src:processbuilder; src:jdbc_driver; src:file_write,
sample_shell/payrollDiscountDetail.jsp,WEBSHELL,CONFIRMED,src_rules,,HIGH,8,src:runtime_exec; src:jdbc_driver; src:file_write,
sample_shell/permissionEdit.jsp,WEBSHELL,CONFIRMED,dynamic:processbuilder,0.6596,MEDIUM,3,api:processbuilder,processbuilder
sample_shell/printAssetEdit.jsp,BENIGN,BENIGN,ml_benign,0.0024,LOW,0,,
sample_shell/printLeaveResult.jsp,BENIGN,BENIGN,ml_benign,0.0011,LOW,0,,
sample_shell/printPayment.jsp,WEBSHELL,CONFIRMED,src_rules,,HIGH,8,src:runtime_exec; src:jdbc_driver; src:file_write,
sample_shell/printPaymentEdit.jsp,WEBSHELL,CONFIRMED,src_rules,,HIGH,12,src:runtime_exec; src:defineClass; src:reflection_bypass; src:jdbc_driver; src:file_write,
sample_shell/processPaymentPanel.jsp,WEBSHELL,CONFIRMED,src_rules,,HIGH,8,src:runtime_exec; src:jdbc_driver; src:file_write,
sample_shell/processProjectPanel.jsp,WEBSHELL,CONFIRMED,file_based,0.9511,LOW,0,,
sample_shell/processSalaryInfo.jsp,BENIGN,BENIGN,ml_benign,0.0024,LOW,0,,
sample_shell/product.jsp,BENIGN,BENIGN,file_based,0.8678,LOW,0,,
sample_shell/productForm.jsp,WEBSHELL,CONFIRMED,src_rules,,HIGH,8,src:runtime_exec; src:jdbc_driver; src:file_write,
sample_shell/purchaseDeliveryDetail.jsp,WEBSHELL,CONFIRMED,file_based,0.9838,LOW,0,,
sample_shell/purchaseMgr.jsp,WEBSHELL,CONFIRMED,src_rules,,HIGH,8,src:runtime_exec; src:jdbc_driver; src:file_write,
sample_shell/purchasePanel.jsp,WEBSHELL,CONFIRMED,file_based,0.9668,MEDIUM,3,api:runtime_exec,
sample_shell/purchaseResult.jsp,WEBSHELL,CONFIRMED,src_rules,,HIGH,8,src:runtime_exec; src:jdbc_driver; src:file_write,
sample_shell/quoteDetail.jsp,WEBSHELL,CONFIRMED,src_rules,,HIGH,8,src:runtime_exec; src:jdbc_driver; src:file_write,
sample_shell/quoteDiscountPanel.jsp,BENIGN,BENIGN,ml_benign,0.0144,LOW,0,,
sample_shell/quoteInfo.jsp,WEBSHELL,CONFIRMED,file_based,0.9652,LOW,0,,
sample_shell/quotePage.jsp,WEBSHELL,CONFIRMED,src_rules,,HIGH,8,src:runtime_exec; src:jdbc_driver; src:file_write,
sample_shell/receiptBudgetMgr.jsp,WEBSHELL,CONFIRMED,file_based,0.9761,MEDIUM,3,api:runtime_exec,
sample_shell/receiptRole.jsp,BENIGN,BENIGN,ml_benign,0.0016,LOW,0,,
sample_shell/refundInvoiceSummary.jsp,WEBSHELL,CONFIRMED,file_based,0.9524,MEDIUM,3,api:runtime_exec,
sample_shell/refundNotificationView.jsp,BENIGN,BENIGN,file_based,0.8691,LOW,0,,
sample_shell/refundPurchasePanel.jsp,BENIGN,BENIGN,ml_benign,0.0024,LOW,0,,
sample_shell/refundTimesheet.jsp,WEBSHELL,CONFIRMED,file_based,0.9752,MEDIUM,3,api:runtime_exec,
sample_shell/registerAsset.jsp,WEBSHELL,CONFIRMED,file_based,0.9861,MEDIUM,3,api:runtime_exec,
sample_shell/registerAssetInfo.jsp,WEBSHELL,CONFIRMED,src_rules,,HIGH,8,src:runtime_exec; src:jdbc_driver; src:file_write,
sample_shell/registerClientMgr.jsp,WEBSHELL,CONFIRMED,file_based,0.9491,MEDIUM,3,api:runtime_exec,
sample_shell/registerQuoteSummary.jsp,WEBSHELL,CONFIRMED,src_rules,,HIGH,8,src:runtime_exec; src:jdbc_driver; src:file_write,
sample_shell/registerReceipt.jsp,WEBSHELL,CONFIRMED,src_rules,,HIGH,8,src:runtime_exec; src:jdbc_driver; src:file_write,
sample_shell/registerRefund.jsp,WEBSHELL,CONFIRMED,file_based,0.976,MEDIUM,3,api:runtime_exec,
sample_shell/registerSupplierResult.jsp,BENIGN,BENIGN,ml_benign,0.0024,LOW,0,,
sample_shell/rejectBalanceList.jsp,WEBSHELL,CONFIRMED,file_based,0.9764,MEDIUM,3,api:runtime_exec,
sample_shell/rejectInvoiceResult.jsp,WEBSHELL,CONFIRMED,file_based,0.9875,LOW,0,,
sample_shell/rejectStatementPage.jsp,BENIGN,BENIGN,src_no_match,,LOW,,,
sample_shell/rejectSupplierMgr.jsp,WEBSHELL,CONFIRMED,file_based,0.9357,LOW,0,,
sample_shell/report.jsp,WEBSHELL,CONFIRMED,file_based,0.918,MEDIUM,3,api:runtime_exec,
sample_shell/reportEdit.jsp,BENIGN,BENIGN,ml_benign,0.0016,LOW,0,,
sample_shell/reportMessage.jsp,BENIGN,BENIGN,ml_benign,0.0024,LOW,0,,
sample_shell/reportVendorForm.jsp,BENIGN,BENIGN,src_no_match,,LOW,,,
sample_shell/reservationEdit.jsp,BENIGN,BENIGN,ml_benign,0.0024,LOW,0,,
sample_shell/reservationPage.jsp,BENIGN,BENIGN,ml_benign,0.0024,LOW,0,,
sample_shell/reservationScheduleEdit.jsp,BENIGN,BENIGN,ml_benign,0.0012,LOW,0,,
sample_shell/reviewMessageForm.jsp,WEBSHELL,CONFIRMED,file_based,0.9819,LOW,0,,
sample_shell/reviewSettingResult.jsp,WEBSHELL,CONFIRMED,file_based,0.9485,MEDIUM,3,api:runtime_exec,
sample_shell/role.jsp,BENIGN,BENIGN,ml_benign,0.0024,LOW,0,,
sample_shell/roleAttendanceView.jsp,WEBSHELL,CONFIRMED,file_based,0.9138,MEDIUM,3,api:runtime_exec,runtime_exec
sample_shell/roleContractResult.jsp,WEBSHELL,MEDIUM,src_rules,,MEDIUM,5,src:runtime_exec; src:file_write,
sample_shell/roleDeliveryPage.jsp,BENIGN,BENIGN,ml_benign,0.0016,LOW,0,,
sample_shell/roleSalaryInfo.jsp,WEBSHELL,CONFIRMED,src_rules,,HIGH,8,src:runtime_exec; src:jdbc_driver; src:file_write,
sample_shell/roleSummary.jsp,BENIGN,BENIGN,ml_benign,0.0017,LOW,0,,
sample_shell/salaryBudgetEdit.jsp,WEBSHELL,MEDIUM,src_rules,,MEDIUM,5,src:jdbc_driver; src:file_write,
sample_shell/salaryCategoryPanel.jsp,BENIGN,BENIGN,file_based,0.6843,LOW,0,,
sample_shell/salaryPage.jsp,BENIGN,BENIGN,ml_benign,0.0033,LOW,0,,
sample_shell/salaryTaskList.jsp,BENIGN,BENIGN,ml_benign,0.0024,LOW,0,,
sample_shell/saveAudit.jsp,WEBSHELL,MEDIUM,src_rules,,MEDIUM,5,src:jdbc_driver; src:file_write,
sample_shell/saveProjectView.jsp,BENIGN,BENIGN,ml_benign,0.0047,LOW,0,,
sample_shell/saveReportResult.jsp,WEBSHELL,MEDIUM,src_rules,,MEDIUM,2,src:file_write,
sample_shell/saveUser.jsp,WEBSHELL,CONFIRMED,file_based,0.9393,LOW,0,,
sample_shell/saveUserForm.jsp,WEBSHELL,CONFIRMED,src_rules,,HIGH,8,src:runtime_exec; src:jdbc_driver; src:file_write,
sample_shell/scheduleDiscountSummary.jsp,WEBSHELL,CONFIRMED,file_based,0.9462,MEDIUM,3,api:runtime_exec,
sample_shell/scheduleEdit.jsp,WEBSHELL,CONFIRMED,file_based,0.9539,MEDIUM,3,api:runtime_exec,
sample_shell/search.jsp,BENIGN,BENIGN,file_based,0.8687,LOW,0,,
sample_shell/searchDepartmentPanel.jsp,BENIGN,BENIGN,ml_benign,0.0021,LOW,0,,
sample_shell/searchDiscount.jsp,WEBSHELL,HIGH,src_rules,,HIGH,7,src:runtime_exec; src:base64_codec; src:file_write,
sample_shell/searchPaymentPanel.jsp,BENIGN,BENIGN,ml_benign,0.0016,LOW,0,,
sample_shell/sendLeaveForm.jsp,WEBSHELL,CONFIRMED,file_based,0.9357,LOW,0,,
sample_shell/sendPermissionResult.jsp,BENIGN,BENIGN,ml_benign,0.0021,LOW,0,,
sample_shell/setting.jsp,WEBSHELL,CONFIRMED,file_based,0.9514,MEDIUM,3,api:runtime_exec,
sample_shell/settingAppointment.jsp,BENIGN,BENIGN,src_no_match,,LOW,,,
sample_shell/settingExpenseList.jsp,WEBSHELL,CONFIRMED,file_based,0.9805,LOW,0,,
sample_shell/settingMgr.jsp,WEBSHELL,CONFIRMED,src_rules,,HIGH,8,src:runtime_exec; src:jdbc_driver; src:file_write,
sample_shell/settings.jsp,WEBSHELL,CONFIRMED,src_rules,,HIGH,8,src:runtime_exec; src:jdbc_driver; src:file_write,
sample_shell/showBudgetSummary.jsp,WEBSHELL,CONFIRMED,file_based,0.9761,MEDIUM,3,api:runtime_exec,
sample_shell/showContract.jsp,WEBSHELL,CONFIRMED,file_based,0.9738,MEDIUM,3,api:runtime_exec,
sample_shell/showPermissionMgr.jsp,WEBSHELL,CONFIRMED,file_based,0.9223,MEDIUM,3,api:runtime_exec,
sample_shell/showProfile.jsp,BENIGN,BENIGN,file_based,0.4527,LOW,0,,
sample_shell/showRefund.jsp,BENIGN,BENIGN,ml_benign,0.0024,LOW,0,,
sample_shell/statement.jsp,BENIGN,BENIGN,ml_benign,0.0024,LOW,0,,
sample_shell/statementEdit.jsp,WEBSHELL,CONFIRMED,file_based,0.9881,LOW,0,,
sample_shell/statementInfo.jsp,BENIGN,BENIGN,ml_benign,0.0024,LOW,0,,
sample_shell/statementMgr.jsp,WEBSHELL,CONFIRMED,src_rules,,HIGH,8,src:runtime_exec; src:jdbc_driver; src:file_write,
sample_shell/statementPanel.jsp,WEBSHELL,CONFIRMED,file_based,0.9855,MEDIUM,3,api:runtime_exec,
sample_shell/statementProfileView.jsp,WEBSHELL,CONFIRMED,src_rules,,HIGH,8,src:runtime_exec; src:jdbc_driver; src:file_write,
sample_shell/statementTransactionDetail.jsp,WEBSHELL,CONFIRMED,src_rules,,HIGH,8,src:runtime_exec; src:jdbc_driver; src:file_write,
sample_shell/statementWarehouseView.jsp,BENIGN,BENIGN,no_scriptlets,,LOW,,,
sample_shell/submitLeaveList.jsp,BENIGN,BENIGN,ml_benign,0.0024,LOW,0,,
sample_shell/submitMessageMgr.jsp,BENIGN,BENIGN,ml_benign,0.0024,LOW,0,,
sample_shell/supplier.jsp,BENIGN,BENIGN,ml_benign,0.0006,LOW,0,,
sample_shell/supplierDocumentMgr.jsp,BENIGN,BENIGN,file_based,0.8687,LOW,0,,
sample_shell/supplierRoleInfo.jsp,BENIGN,BENIGN,src_no_match,,LOW,,,
sample_shell/supplierView.jsp,BENIGN,BENIGN,src_no_match,,LOW,,,
sample_shell/taskBrandMgr.jsp,WEBSHELL,MEDIUM,src_rules,,MEDIUM,5,src:defineClass; src:base64_codec,
sample_shell/taskDetail.jsp,BENIGN,BENIGN,ml_benign,0.0024,LOW,0,,
sample_shell/ticket.jsp,WEBSHELL,CONFIRMED,file_based,0.9869,LOW,0,,
sample_shell/ticketPayrollForm.jsp,WEBSHELL,CONFIRMED,src_rules,,HIGH,8,src:runtime_exec; src:jdbc_driver; src:file_write,
sample_shell/timesheetPage.jsp,WEBSHELL,CONFIRMED,file_based,0.9003,LOW,0,,
sample_shell/transactionDocumentView.jsp,WEBSHELL,CONFIRMED,file_based,0.9468,MEDIUM,3,api:runtime_exec,
sample_shell/updateDepartmentMgr.jsp,BENIGN,BENIGN,ml_benign,0.0024,LOW,0,,
sample_shell/uploadAuditSummary.jsp,WEBSHELL,CONFIRMED,file_based,0.9856,LOW,0,,
sample_shell/uploadBalanceForm.jsp,WEBSHELL,CONFIRMED,file_based,0.9265,LOW,0,,
sample_shell/uploadBrandPanel.jsp,WEBSHELL,MEDIUM,src_rules,,MEDIUM,2,src:file_write,
sample_shell/user.jsp,WEBSHELL,CONFIRMED,src_rules,,HIGH,8,src:runtime_exec; src:jdbc_driver; src:file_write,
sample_shell/userMgr.jsp,WEBSHELL,CONFIRMED,file_based,0.9483,LOW,0,,
sample_shell/validateBrandDetail.jsp,WEBSHELL,CONFIRMED,src_rules,,HIGH,8,src:runtime_exec; src:jdbc_driver; src:file_write,
sample_shell/validateInventoryView.jsp,BENIGN,BENIGN,file_based,0.8298,LOW,0,,
sample_shell/validateMessagePage.jsp,WEBSHELL,CONFIRMED,file_based,0.9531,LOW,0,,
sample_shell/validateOrderSummary.jsp,WEBSHELL,CONFIRMED,file_based,0.9567,MEDIUM,3,api:runtime_exec,
sample_shell/validateRefundMgr.jsp,BENIGN,BENIGN,ml_benign,0.0016,LOW,0,,
sample_shell/validateTransactionView.jsp,BENIGN,BENIGN,ml_benign,0.0024,LOW,0,,
sample_shell/vendorPurchaseDetail.jsp,WEBSHELL,CONFIRMED,dynamic:runtime_exec,0.6424,MEDIUM,3,api:runtime_exec,runtime_exec
sample_shell/vendorResult.jsp,BENIGN,BENIGN,src_no_match,,LOW,,,
sample_shell/viewDocumentList.jsp,BENIGN,BENIGN,ml_benign,0.0024,LOW,0,,
sample_shell/viewLeaveList.jsp,WEBSHELL,CONFIRMED,file_based,0.9573,MEDIUM,3,api:runtime_exec,
sample_shell/viewOrderEdit.jsp,BENIGN,BENIGN,ml_benign,0.0009,LOW,0,,
sample_shell/viewProfileEdit.jsp,WEBSHELL,HIGH,file_based,0.6593,MEDIUM,3,api:runtime_exec,
sample_shell/viewPurchaseSummary.jsp,WEBSHELL,CONFIRMED,file_based,0.9851,LOW,0,,
sample_shell/viewRefundForm.jsp,BENIGN,BENIGN,file_based,0.843,LOW,0,,
sample_shell/warehouseMgr.jsp,BENIGN,BENIGN,ml_benign,0.0024,LOW,0,,
sample_shell/warehouseReportInfo.jsp,WEBSHELL,CONFIRMED,file_based,0.9141,MEDIUM,4,api:defineClass; api:reflection_bypass,
sample_shell/warehouseReservation.jsp,BENIGN,BENIGN,ml_benign,0.0024,LOW,0,,
sample_shell/warehouseResult.jsp,WEBSHELL,HIGH,src_rules,,HIGH,7,src:runtime_exec; src:base64_codec; src:file_write,
sample_shell/warehouseTaskDetail.jsp,WEBSHELL,CONFIRMED,src_rules,,HIGH,8,src:runtime_exec; src:jdbc_driver; src:file_write,
sample_shell/welcome.jsp,WEBSHELL,CONFIRMED,file_based,0.9854,MEDIUM,3,api:runtime_exec,
